iteration,episode_return,episode_length,solve_rate,mean_guesses_solved,mean_info_gain,mean_new_yellows,mean_new_greens,mean_retained_greens,mean_lost_greens,mean_final_candidates,val_solve_rate,val_episode_return,val_episode_length,val_mean_guesses_solved,default_policy_total_loss,default_policy_policy_loss,default_policy_value_loss,default_policy_entropy,default_policy_kl,default_policy_explained_variance,default_policy_learning_rate
15,0.41500000000000015,5.8500000000000005,0.12970108816801615,4.100523538961039,7.586011086433279,2.3338867797702947,2.6015696594594093,1.0989900714650707,5.126802759932332,1.2797265090486332,1.0,9.588000000000001,4.12,4.103896103896104,0.32781901955604553,-0.10877465456724167,1.032131314277649,8.118335723876953,0.017113540321588516,-0.017782211303710938,0.0001
16,-0.08699999999999988,5.870000000000001,0.14723882513111805,4.349124583007642,7.570481555442031,2.377525767017154,2.51164285635759,1.2077520837566809,4.744486285666257,1.3280985851058962,0.9826839826839827,9.190000000000001,4.1,4.061674008810573,0.38966912031173706,-0.07314211130142212,1.0804970264434814,7.9230122566223145,0.0179278664290905,-0.011799812316894531,0.0001
17,0.9170000000000001,5.83,0.12234591929735172,4.219798534798535,7.537727488321992,2.256662872674225,2.582548670562475,1.0972927698116646,5.261099248887248,1.3736674933871766,0.974025974025974,9.093,4.07,4.075555555555556,0.2733435332775116,-0.0902070626616478,0.8802481889724731,7.834047317504883,0.0176699198782444,-0.006531119346618652,0.0001
18,0.6250000000000001,5.75,0.11673479849413423,4.279301817345296,7.592646698500128,2.386082441687971,2.4900354481409046,1.081219314828903,5.012062789029687,1.2860744966026596,0.974025974025974,9.096,4.04,4.004444444444444,0.23239019513130188,0.07562042027711868,0.4679739773273468,7.902422904968262,0.018070098012685776,-0.01428675651550293,0.0001
19,0.41200000000000014,5.880000000000001,0.13300561797752808,4.394036116862204,7.574847720574656,2.4468789013732835,2.453448813982522,1.1087390761548064,4.9104244694132335,1.2829588014981272,0.974025974025974,9.088,4.12,4.093333333333334,0.2803195118904114,0.04387509822845459,0.6283666491508484,7.985784530639648,0.021189535036683083,-0.008986115455627441,0.0001
20,0.9319999999999999,5.68,0.12080774752437332,4.249425287356322,7.560309688662532,2.424209774644004,2.4809285303125703,1.0954244289914568,4.98741682374054,1.33549132966326,0.9783549783549783,9.178,4.22,4.1946902654867255,0.28603073954582214,-0.12981335818767548,0.9828401803970337,7.811926364898682,0.01695484109222889,-0.014104723930358887,0.0001
21,0.41700000000000015,5.83,0.1208275868253271,4.2414529914529915,7.578322445416912,2.38053054691213,2.5441286081942662,1.180153967556516,4.942573508971726,1.313119076015316,0.9826839826839827,9.294,4.06,4.061674008810573,0.2622126340866089,-0.04683313146233559,0.769788384437561,7.864441871643066,0.018639789894223213,-0.01407313346862793,0.0001
22,1.2420000000000002,5.58,0.10860693170442245,4.257421964000912,7.562464786553081,2.3084880383688366,2.4839869694767485,1.1751765818211526,5.179987503334942,1.3534446413192311,0.9783549783549783,9.197,4.03,4.04424778761062,0.23487260937690735,-0.08451613783836365,0.7936687469482422,7.990969181060791,0.01642715185880661,-0.019812345504760742,0.0001
23,0.6240000000000001,5.76,0.13229664493233337,4.327048494983278,7.566827914356822,2.350134456626553,2.5667533092714008,1.2237936991593439,5.056176178082482,1.3522486722105842,0.987012987012987,9.398000000000001,4.02,4.078947368421052,0.3297847807407379,-0.09261336177587509,0.9963183999061584,7.843353271484375,0.01781654544174671,-0.015703201293945312,0.0001
24,0.5230000000000001,5.77,0.134393369955315,4.310304128238911,7.575179252866129,2.401361505113645,2.541925058210433,1.1964502157442254,4.857987586684357,1.300927684387399,0.987012987012987,9.401000000000002,3.99,4.057017543859649,0.35012316703796387,-0.14290928840637207,1.1380785703659058,7.8567047119140625,0.01706807129085064,-0.021471738815307617,0.0001
25,1.0270000000000001,5.73,0.1351959381427451,4.308440065681445,7.5518592943561424,2.3691706423218895,2.524967151285539,1.1254537038658596,4.968485069827538,1.3655179345954245,0.9653679653679653,9.064000000000002,4.36,4.197309417040358,0.2968292236328125,-0.014216593466699123,0.7737103700637817,7.841622352600098,0.01737864874303341,-0.009154319763183594,0.0001
26,1.0330000000000001,5.67,0.10562429785429392,4.213033424908424,7.580255903995495,2.4437411700603953,2.4677593420572332,1.0929340458188508,5.105508821998525,1.3207343503953672,0.9783549783549783,9.199000000000002,4.01,4.017699115044247,0.23483975231647491,-0.16604994237422943,0.951022207736969,7.7158284187316895,0.016912532970309258,-0.005650520324707031,0.0001
27,1.0170000000000001,5.83,0.13108809949074215,4.47953216374269,7.556273386395503,2.3079564902252976,2.6506092410900255,1.1610510235088494,5.237290183335276,1.346019597908839,0.974025974025974,9.092,4.08,4.0488888888888885,0.3473750948905945,-0.1399601846933365,1.1217092275619507,7.62533712387085,0.018226999789476395,-0.00477445125579834,0.0001
28,1.03,5.699999999999999,0.1352925587201665,4.388225108225108,7.572730509095264,2.3213059162588006,2.6502393865088094,1.1808844240411753,5.156939651091034,1.3201960531428254,0.974025974025974,9.1,4.0,4.017777777777778,0.3330800235271454,-0.025457395240664482,0.8643700480461121,7.635269641876221,0.018033821135759354,-0.018819212913513184,0.0001
29,0.10900000000000008,5.91,0.11345054417658815,4.461868686868687,7.562865940277351,2.4059887327775753,2.4922467870477774,1.056708494172479,5.046831534750708,1.3400444436915733,0.9653679653679653,9.094,4.06,4.031390134529148,0.24009907245635986,0.020000699907541275,0.589134931564331,7.708820819854736,0.01746080256998539,-0.0054939985275268555,0.0001
30,0.11200000000000013,5.88,0.13750886504472812,4.3705952380952375,7.562081731397539,2.3931308456690763,2.465427183371448,1.0223572811487665,4.792153999037817,1.3332488673306304,0.9696969696969697,9.181,4.19,4.151785714285714,0.3614787757396698,-0.10367324203252792,1.0804147720336914,7.781679630279541,0.018409335985779762,-0.020442485809326172,0.0001
31,0.52,5.8,0.12503957169459962,4.252597402597402,7.586277898647428,2.341349030004756,2.54320250590502,1.1927030278845923,5.047897787733682,1.2875468471627691,0.9653679653679653,9.089,4.11,4.121076233183857,0.2935446500778198,-0.10481241345405579,0.9442080855369568,7.635751247406006,0.01740364171564579,-0.011077284812927246,0.0001
32,1.2280000000000002,5.719999999999999,0.1405254493163426,4.294220430107527,7.543233437979225,2.354879110817173,2.6544056481261613,1.2160590375699167,4.908824801393591,1.387742581499759,0.9653679653679653,9.197000000000001,4.03,4.0807174887892375,0.3659217655658722,-0.019987044855952263,0.9181774854660034,7.585968494415283,0.017865372821688652,-0.017998933792114258,0.0001
33,1.138,5.619999999999999,0.12714697839006978,4.059218705598181,7.5759089677784965,2.3553716659169863,2.5900150015791135,1.1380186530799095,5.03607527267623,1.3138319504126432,0.987012987012987,9.487,4.13,4.109649122807017,0.2663969397544861,-0.05829453095793724,0.7971972823143005,7.654056072235107,0.017556069418787956,-0.0012786388397216797,0.0001
34,1.0270000000000001,5.7299999999999995,0.15184584531766232,4.258158449056015,7.563408874408862,2.3781849000903565,2.6436582207323718,1.168574675302281,4.966728485111842,1.3378722901621591,0.9653679653679653,9.176,4.24,4.130044843049327,0.39447128772735596,-0.18017449975013733,1.2953659296035767,7.589210510253906,0.01903303898870945,-0.0042917728424072266,0.0001
35,0.21800000000000008,5.82,0.11586310191692159,4.362446581196581,7.54602480769547,2.325462547391546,2.5028981185113444,1.1462197122255424,5.067987306152338,1.376837898768115,0.961038961038961,9.276,4.24,4.1441441441441444,0.2849215567111969,-0.10257453471422195,0.9182308316230774,7.412507057189941,0.016704920679330826,-0.023958683013916016,0.0001
36,0.42200000000000004,5.779999999999999,0.13322491202349682,4.29104743083004,7.590405639000831,2.249571643177304,2.626963933800674,1.1808595826564205,5.103936485273533,1.2791461730974716,0.9523809523809523,8.974,4.26,4.177272727272728,0.33167552947998047,-0.023177746683359146,0.8565486669540405,7.609684944152832,0.01783839799463749,-0.02855360507965088,0.0001
37,1.337,5.63,0.14521160141230605,4.173191391941392,7.5766537117647985,2.321825328566459,2.594681319058606,1.1630745469672217,4.857532535856461,1.3002776823115987,0.948051948051948,8.963,4.37,4.187214611872146,0.40116560459136963,-0.06819187849760056,1.0818668603897095,7.438220977783203,0.018708564341068268,-0.02369105815887451,0.0001
38,0.81,5.8999999999999995,0.12713687267463977,4.921125201288245,7.576044612019889,2.3831728815446422,2.5362070997133026,1.1787073084738215,5.058728138134516,1.307421993152655,0.961038961038961,8.959999999999999,4.4,4.22972972972973,0.38696494698524475,-0.13508431613445282,1.1881327629089355,7.464905261993408,0.01754629611968994,-0.023812294006347656,0.0001
39,0.8240000000000002,5.76,0.12780898876404495,4.3776353276353275,7.545421624353712,2.3286516853932584,2.6320224719101124,1.2415730337078652,5.1081460674157295,1.366573033707865,0.9437229437229437,8.88,4.2,4.055045871559633,0.34305867552757263,-0.13715894520282745,1.101742148399353,7.331276893615723,0.017728829756379128,-0.016022562980651855,0.0001
40,0.8190000000000002,5.81,0.13320670173387883,4.545402001380262,7.586428010621495,2.4468877849210986,2.6080264952269627,1.1077342684589908,5.1425823105396455,1.266583869082408,0.961038961038961,8.982000000000001,4.18,4.04054054054054,0.30631494522094727,0.09516608715057373,0.5615434050559998,7.248276233673096,0.01906607113778591,-0.010008454322814941,0.0001
41,0.5240000000000001,5.76,0.13723942828891514,4.383216112531969,7.558699702121851,2.4173713688101905,2.557637541538034,1.1310287412128948,4.863161897995712,1.3337033396547864,0.9523809523809523,9.078,4.22,4.163636363636364,0.4079627990722656,-0.1715545952320099,1.297053337097168,7.173733234405518,0.018187090754508972,-0.011246562004089355,0.0001
42,1.1280000000000001,5.72,0.11460293277470959,4.2247023809523805,7.56809202912174,2.4383392279021683,2.4905038949497147,1.0933921429931712,4.959372092390565,1.3380228255842423,0.974025974025974,9.264000000000001,4.36,4.222222222222222,0.25163817405700684,-0.05868702009320259,0.7564076781272888,7.072068214416504,0.018946830183267593,-0.00099945068359375,0.0001
43,1.0220000000000002,5.779999999999999,0.14200028638906748,4.324021871847959,7.591278909250684,2.3715915101713456,2.6563039642419968,1.1942939652121274,4.982263778862766,1.283187994659806,0.948051948051948,8.751,4.49,4.2785388127853885,0.41308706998825073,-0.1055213138461113,1.1719577312469482,7.008853435516357,0.01812039129436016,1.9788742065429688e-05,0.0001
44,0.3190000000000002,5.81,0.10670777449707898,4.32445652173913,7.551314818109388,2.2989950862258723,2.4967925629552603,1.1308567937030825,5.040322880533649,1.3492401028739427,0.974025974025974,9.249,4.51,4.346666666666667,0.24784258008003235,-0.12053287029266357,0.872489869594574,7.077733039855957,0.019385486841201782,-0.02709341049194336,0.0001
45,0.7240000000000001,5.76,0.12550617593929375,4.0724637681159415,7.598471410119183,2.4631525537212564,2.485475209061299,1.1046818223031265,4.890193909149875,1.2676482434666165,0.961038961038961,9.245,4.55,4.396396396396397,0.3060319125652313,-0.09146919846534729,0.9270385503768921,6.9092936515808105,0.020498666912317276,-0.01381838321685791,0.0001
46,1.0340000000000003,5.66,0.15531835628187973,4.589792070674424,7.589854446306051,2.3786250199548054,2.67204998695318,1.2081028495095167,4.971848490005291,1.2814616536290646,0.9696969696969697,9.143,4.57,4.424107142857143,0.43490660190582275,-0.07099432498216629,1.1476634740829468,7.189369201660156,0.017612619325518608,-0.016253232955932617,0.0001
47,0.6170000000000002,5.83,0.14552510041474231,4.2654581529581534,7.600605742521522,2.469797382456967,2.542024997928469,1.1353265823226442,4.887681804107301,1.274387023057231,0.9177489177489178,8.632,4.68,4.3915094339622645,0.4137948453426361,-0.12239359319210052,1.2008295059204102,6.863908290863037,0.019612032920122147,-0.017038941383361816,0.0001
48,0.9270000000000002,5.7299999999999995,0.14932297489855376,4.283035714285714,7.579918002851712,2.41024480006226,2.5859298301923777,1.191563406824018,4.686893964294814,1.2902590712035908,0.8917748917748918,8.247,4.53,4.344660194174757,0.44514286518096924,-0.13640685379505157,1.2912497520446777,6.819945812225342,0.018330184742808342,-0.014913320541381836,0.0001
49,2.0380000000000003,5.619999999999999,0.19462117595646306,4.356283228199737,7.570732391351427,2.289612104830989,2.752384293109176,1.258183052281642,4.772637040026453,1.323440633330504,0.8787878787878788,8.136999999999999,4.63,4.4236453201970445,0.6501461267471313,-0.11389589309692383,1.652662992477417,6.675023555755615,0.019825931638479233,-0.013890385627746582,0.0001
50,1.1380000000000001,5.62,0.15116416742352054,4.376688939536548,7.568839680162283,2.2912885441347166,2.627584310150613,1.1527173196060554,4.9749459489316035,1.3359983765322228,0.9393939393939394,8.934999999999999,4.65,4.488479262672811,0.4460791051387787,-0.11269042640924454,1.2395069599151611,6.496781349182129,0.0177057683467865,-0.01788008213043213,0.0001
51,0.9210000000000003,5.79,0.13952923926523528,4.314523809523809,7.576475756278156,2.4282850021751896,2.545403383811817,1.1660997345341535,4.84625386674343,1.3204026560466142,0.8614718614718615,8.141,4.59,4.422110552763819,0.34625574946403503,0.030897991731762886,0.7633135318756104,6.981416702270508,0.015623030252754688,-0.01730513572692871,0.0001
52,1.1280000000000001,5.720000000000001,0.14364525139664805,4.302056236838846,7.570980478266305,2.4757681564245813,2.5297796399751706,1.0822936064556177,4.77745965238982,1.3221989447548106,0.8571428571428571,8.139,4.61,4.388888888888889,0.361189603805542,0.03573986887931824,0.773883044719696,6.524440765380859,0.01667799986898899,-0.009386301040649414,0.0001
53,0.2110000000000001,5.890000000000001,0.1418211206281635,4.350416666666667,7.584516361920272,2.353948633596019,2.6697851993825648,1.1084124862332445,5.077439782927511,1.2752545066508407,0.9393939393939394,9.040999999999999,4.59,4.400921658986175,0.42246049642562866,-0.16070301830768585,1.2927696704864502,6.684900760650635,0.016122834756970406,-0.0244596004486084,0.0001
54,0.8210000000000001,5.789999999999999,0.12436868686868686,4.484047619047619,7.562673123853811,2.4606376262626264,2.4480113636363634,1.0795770202020203,4.690561868686869,1.3689393939393941,0.7792207792207793,7.139999999999999,4.6,4.122222222222222,0.3047499656677246,-0.00034377980045974255,0.7383455038070679,6.750638008117676,0.015232408419251442,-0.028959035873413086,0.0001
55,1.026,5.739999999999999,0.15001904399162064,4.379102564102564,7.573749449897063,2.350429018811232,2.6285189064516814,1.1374590025180389,4.844365358979243,1.3111875515774774,0.7662337662337663,7.143999999999998,4.56,4.062146892655368,0.42867958545684814,0.006688942201435566,0.9599351286888123,6.260768413543701,0.020581083372235298,-0.015258073806762695,0.0001
56,1.0230000000000001,5.77,0.13367967413149281,4.07349376114082,7.575759691280973,2.438891583299791,2.6112360567869044,1.126855085920026,5.00919812296931,1.2876189028707596,0.7662337662337663,7.444,4.56,4.096045197740113,0.31538838148117065,-0.01715931110084057,0.7781445980072021,6.171422958374023,0.015376540832221508,-0.015668034553527832,0.0001
57,0.6190000000000001,5.81,0.12437842527349288,3.8781792844179415,7.600262429903269,2.4373754205548153,2.486278275037559,0.9810742398273344,4.793392263907403,1.248151145813496,0.8354978354978355,8.124999999999998,4.75,4.435233160621761,0.3259812295436859,-0.03259392827749252,0.8306824564933777,6.302436351776123,0.01854303665459156,-0.02483212947845459,0.0001
58,0.8260000000000001,5.74,0.14262531472530846,4.354083850931677,7.575915072963211,2.314439091498755,2.6434104715474374,1.1288314536996351,5.064530806463987,1.3242878141150378,0.7619047619047619,7.135,4.65,4.1875,0.419715017080307,-0.07543997466564178,1.1070655584335327,6.320162296295166,0.014292951673269272,-0.02046072483062744,0.0001
59,0.9200000000000002,5.8,0.11091037493579867,4.5,7.558033269783471,2.4045786099493727,2.4707828894269572,1.0071345568273533,4.859136675471421,1.3309714120625136,0.7056277056277056,6.6099999999999985,4.9,4.45398773006135,0.2680121958255768,-0.06629741936922073,0.7850130796432495,6.290454387664795,0.013948456384241581,-0.009203672409057617,0.0001
60,0.8260000000000002,5.74,0.1271186440677966,4.098381642512077,7.60078690924556,2.4858757062146895,2.5522598870056497,1.076271186440678,4.775423728813559,1.2584745762711864,0.8658008658008658,8.319999999999999,4.8,4.59,0.3022697865962982,-0.0458807572722435,0.811211884021759,6.22079610824585,0.014081807807087898,-0.015760421752929688,0.0001
61,0.7140000000000002,5.859999999999999,0.13472896095789355,4.47805611785875,7.588810381377354,2.366721285892634,2.6052484110770626,1.198169191919192,4.98102691238225,1.2867236267166042,0.8961038961038961,8.335999999999999,4.64,4.391304347826087,0.4356052279472351,-0.14254246652126312,1.2633113861083984,5.846436500549316,0.014685695059597492,-0.01917099952697754,0.0001
62,0.8340000000000001,5.66,0.1469305617475895,4.278273809523809,7.5767044514294835,2.3722624528072958,2.6786741021237264,1.1936056197959481,5.0761481716099475,1.3074156954579002,0.8095238095238095,7.536999999999999,4.63,4.2727272727272725,0.43500620126724243,-0.10730228573083878,1.197558045387268,6.211864948272705,0.01673508994281292,-0.019640564918518066,0.0001
63,0.627,5.73,0.1428841965722943,4.373564814814815,7.565568565385944,2.452395606476659,2.5491588549064166,1.1428052899031025,4.665775021304801,1.3276204904838558,0.8008658008658008,7.234,4.66,4.308108108108108,0.39254167675971985,0.02472732588648796,0.8509564399719238,6.296542167663574,0.01570827327668667,0.0005733370780944824,0.0001
64,0.21600000000000014,5.84,0.16811029158550117,4.194787581699346,7.591837387253321,2.4759280006214643,2.6408822005534223,1.1457259916816687,4.597281231110268,1.2700776067786805,0.8528138528138528,7.944000000000001,4.56,4.355329949238579,0.4709266722202301,-0.10410352796316147,1.262403130531311,6.129807472229004,0.015190087258815765,-0.012953639030456543,0.0001
65,0.8340000000000001,5.66,0.11845765079064484,4.473679009777408,7.572991429212576,2.510994568351826,2.4581218993265677,1.0631295048534775,4.846533477589071,1.329727208884604,0.8138528138528138,7.638,4.62,4.3563829787234045,0.3223409354686737,-0.13021470606327057,1.019791603088379,6.196694850921631,0.013709057122468948,-0.002907395362854004,0.0001
66,1.3290000000000004,5.71,0.15783944998918947,4.139194011865035,7.602099765875011,2.4130324175785853,2.611663929166754,1.0393014318693812,4.565769394402248,1.2486386604732909,0.8181818181818182,7.532,4.68,4.455026455026455,0.4769493639469147,-0.09196539968252182,1.2512800693511963,6.125024795532227,0.013407350517809391,-0.018487215042114258,0.0001
67,0.9250000000000002,5.749999999999999,0.1498254116784854,4.118939393939394,7.585374375001662,2.349439064237483,2.6767666465877693,1.1787869551997845,5.000671530252484,1.306716384720092,0.8571428571428571,8.125,4.75,4.55050505050505,0.36330926418304443,0.04378810524940491,0.7525301575660706,6.240379333496094,0.016769995912909508,-0.008677959442138672,0.0001
68,0.7200000000000001,5.8,0.11946844615057647,4.616964285714285,7.556678410160098,2.4493747564776935,2.503327123514514,1.0359267352071266,4.833626943750775,1.3174288361404813,0.8008658008658008,7.422999999999999,4.77,4.448648648648649,0.3348086476325989,-0.03143687918782234,0.8416624069213867,5.87326717376709,0.012287567369639874,-0.020174860954284668,0.0001
69,0.617,5.829999999999999,0.167994019563689,4.238727713727713,7.574969818306996,2.394758468659349,2.6221650596077044,1.124273366211984,4.745996917655079,1.3268753670921476,0.7922077922077922,7.623999999999999,4.76,4.448087431693989,0.49638375639915466,-0.09647643566131592,1.2917112112045288,5.760210990905762,0.013649439439177513,-0.005897641181945801,0.0001
70,1.326,5.74,0.1452377963300065,4.328089361355491,7.581178093565344,2.442619386381548,2.583707254897858,1.13550040452228,4.814355397233904,1.2905068908278061,0.7619047619047619,7.201999999999999,4.98,4.568181818181818,0.395412802696228,-0.04892682656645775,0.9923055171966553,5.631310939788818,0.013333246111869812,-0.012601733207702637,0.0001
71,1.434,5.66,0.15179236499068902,4.152014142698237,7.566175720065728,2.28975791433892,2.632332402234637,1.1503258845437618,4.877591558038485,1.3412321539416512,0.8225108225108225,7.701999999999999,4.98,4.689473684210526,0.36452916264533997,0.06767956912517548,0.6990331411361694,5.722142219543457,0.013494702987372875,-0.0013102293014526367,0.0001
72,1.1300000000000001,5.699999999999999,0.17966664411151176,4.526685195609344,7.588931678649697,2.398196988584534,2.6561825423566043,1.069187763293648,4.774997386973677,1.2835566438999118,0.7662337662337663,7.103999999999998,4.96,4.5423728813559325,0.48175621032714844,0.11716495454311371,0.8347870111465454,5.821638107299805,0.01604188047349453,-0.009777188301086426,0.0001
73,0.9260000000000002,5.739999999999999,0.16157395585064124,4.601532777567261,7.581161362012253,2.4028281409601635,2.67491310577687,1.1689138576779026,4.89306371297242,1.3061049398479174,0.7878787878787878,7.406000000000001,4.94,4.554945054945055,0.459777295589447,0.04658646509051323,0.9317985773086548,5.7860307693481445,0.01526467315852642,-0.011580824851989746,0.0001
74,1.4289999999999998,5.709999999999999,0.17091438532732237,4.329375254375254,7.556269267282089,2.3740124756955154,2.7090211342580934,1.0982319490746457,4.829432162196113,1.3474788137395632,0.7619047619047619,7.1,5.0,4.556818181818182,0.5345617532730103,-0.09321973472833633,1.3580756187438965,5.591738700866699,0.013810516335070133,-0.013414740562438965,0.0001
75,0.8200000000000001,5.8,0.12706472215970407,4.516919191919192,7.61232773511394,2.49882715341378,2.588752845778293,1.1368402771766415,5.094309687765101,1.2286497196782142,0.7705627705627706,7.189,5.11,4.747191011235955,0.37188366055488586,-0.10552766174077988,1.0587656497955322,5.619871616363525,0.012524902820587158,-0.021553993225097656,0.0001
76,1.02,5.8,0.12979088639200997,4.070577570577571,7.5733463640488825,2.304525593008739,2.61310861423221,1.1594881398252186,4.93210049937578,1.294725343320849,0.7445887445887446,6.589999999999999,5.1,4.575581395348837,0.3742296099662781,-0.1818821281194687,1.2122116088867188,5.533014297485352,0.015810813754796982,-0.022846579551696777,0.0001
77,0.927,5.7299999999999995,0.16477599211086894,4.3701356513856515,7.564943654920834,2.48644238995464,2.5803937409992113,1.00800089669712,4.477913774063693,1.340592926512397,0.7922077922077922,7.487999999999999,5.12,4.699453551912568,0.5636597275733948,-0.1470371037721634,1.5291757583618164,5.875240325927734,0.014404091984033585,-0.01903367042541504,0.0001
78,0.5220000000000001,5.78,0.1507044786347808,4.334034096130871,7.5994357457897745,2.419927511834105,2.568625444666683,1.0797011654011004,4.643668153360599,1.2683052916694286,0.7922077922077922,7.486999999999999,5.13,4.743169398907104,0.4260108470916748,0.026058649644255638,0.9064998030662537,5.740116119384766,0.012158408761024475,-0.02057802677154541,0.0001
79,0.6260000000000001,5.739999999999999,0.11358788802132927,4.1735121457489885,7.564764767304397,2.423527793647771,2.4800313167862207,1.091296102329715,5.005868194417994,1.325116115448909,0.8528138528138528,8.094999999999999,5.05,4.756345177664975,0.2854340076446533,-0.0533096045255661,0.78489089012146,5.8706793785095215,0.014829530380666256,-0.01833808422088623,0.0001
80,0.32000000000000006,5.799999999999999,0.10821428571428572,4.282436162870946,7.5716090357701145,2.3505194805194805,2.4427435064935064,1.058271103896104,4.675113636363636,1.3248944805194807,0.8138528138528138,7.6979999999999995,5.02,4.723404255319149,0.29849833250045776,-0.17563076317310333,1.0494831800460815,5.535782337188721,0.014060118235647678,-0.02662348747253418,0.0001
81,0.21700000000000014,5.83,0.11842922336444778,4.29750816993464,7.5519188212057795,2.380185712596977,2.499192585652324,1.0629156560305424,4.960072211228058,1.366215127580953,0.7359307359307359,6.5,5.0,4.564705882352941,0.31423938274383545,-0.11774789541959763,0.966535747051239,5.610531330108643,0.014295398257672787,-0.004964232444763184,0.0001
82,0.5240000000000001,5.76,0.12732708918557797,4.112675120772947,7.577873628668096,2.518470736146619,2.53459781270713,0.9582656051089438,4.957671569401046,1.3121842418121181,0.7792207792207793,6.996,5.04,4.683333333333334,0.2842731475830078,0.11851771175861359,0.4404662251472473,5.924166202545166,0.014115474186837673,-0.0029581785202026367,0.0001
83,1.3250000000000002,5.75,0.14334452064789144,4.521754936175564,7.589702256902446,2.4700870968918722,2.63003018750912,1.0426715489566614,4.694675415876259,1.2756056654020136,0.7835497835497836,6.896,5.04,4.6740331491712706,0.42659950256347656,-0.05844886600971222,1.0747838020324707,5.668399810791016,0.012860745191574097,-0.017995595932006836,0.0001
84,1.5350000000000001,5.6499999999999995,0.15221328788042376,4.1836466165413535,7.604356535356387,2.4733965026947153,2.5784480005273958,1.0411240392981407,4.721855490773901,1.2698276825924122,0.7619047619047619,6.684,5.16,4.75,0.43167296051979065,-0.06509370356798172,1.0976098775863647,5.6613969802856445,0.013557671569287777,-0.016256213188171387,0.0001
85,1.1260000000000003,5.739999999999999,0.1515892698771835,4.188074945887445,7.574835596087164,2.423231159437434,2.6336779636264787,1.1394394934787728,4.710581448627727,1.3024230448612781,0.7186147186147186,6.181,5.19,4.704819277108434,0.40714794397354126,-0.0491175651550293,1.0108420848846436,5.341921806335449,0.012633098289370537,-0.008769989013671875,0.0001
86,0.5190000000000001,5.8100000000000005,0.15115276367022176,4.2669565217391305,7.577550362207073,2.4687692215450596,2.5685165199480844,1.0491073443936572,4.663862789910276,1.3095645702838439,0.70995670995671,6.084,5.16,4.695121951219512,0.4165087640285492,0.037115197628736496,0.8615946173667908,5.590063095092773,0.013324021361768246,-0.01353764533996582,0.0001
87,0.7220000000000002,5.779999999999999,0.12183393639306798,4.348593073593074,7.581249992156537,2.5122235976216167,2.552132662561629,1.050243604392814,5.071897945364904,1.3143438286887155,0.6493506493506493,5.5680000000000005,5.32,4.833333333333333,0.31334829330444336,0.08369491994380951,0.5570878386497498,5.36688232421875,0.014157797209918499,-0.023543238639831543,0.0001
88,1.2200000000000002,5.8,0.13923563911562914,4.539020445134575,7.575978261799788,2.4500045056187076,2.534869028778317,1.0414001146287772,4.8198668325172145,1.2988103616096478,0.6406926406926406,5.369,5.31,4.783783783783784,0.454204261302948,-0.1285833865404129,1.263864517211914,5.356809139251709,0.013106665574014187,-0.029874324798583984,0.0001
89,0.3170000000000001,5.83,0.16037202563125302,4.1603705118411,7.552410482796075,2.3705664292593305,2.581623973343608,1.0130531841217183,4.6158576298130995,1.3629929363890063,0.6623376623376623,5.672999999999998,5.27,4.784313725490196,0.5063938498497009,-0.13957840204238892,1.3906874656677246,5.385723114013672,0.013291073963046074,-0.005711078643798828,0.0001
90,1.125,5.749999999999999,0.17138683382790232,4.39945293340879,7.570045798223629,2.417967646550901,2.709712868948258,1.0672246508910292,4.775323486100714,1.3492728794028832,0.6277056277056277,4.667999999999999,5.32,4.7379310344827585,0.5056700706481934,0.039510566741228104,1.0295954942703247,5.322932243347168,0.013603056780993938,-0.01299893856048584,0.0001
91,1.434,5.66,0.15891744955676912,4.28656862745098,7.59071309666555,2.477189825567203,2.588517146862511,0.9874059311335691,4.737233660438418,1.2815672971634617,0.6883116883116883,5.672999999999999,5.27,4.817610062893082,0.43386539816856384,0.009038475342094898,0.9494186043739319,5.486393928527832,0.014760037884116173,-0.0166701078414917,0.0001
92,1.3270000000000002,5.7299999999999995,0.15849782743637492,4.552321428571428,7.590978680832999,2.4148128935000446,2.663641039283497,1.128525538707103,4.738918595371109,1.2718637492240843,0.6666666666666666,5.667000000000001,5.33,4.863636363636363,0.48415327072143555,-0.032912205904722214,1.1335393190383911,5.480770587921143,0.015121609903872013,-0.003767251968383789,0.0001
93,0.21300000000000002,5.869999999999999,0.13324732530039793,4.410830745341615,7.563544934957261,2.478026209126069,2.638949458362866,1.04561707147601,4.852778705233314,1.340140711244063,0.5411255411255411,4.065999999999999,5.34,4.632,0.39149540662765503,-0.0459810346364975,0.9678343534469604,5.105530738830566,0.013672764413058758,-0.010880470275878906,0.0001
94,0.4100000000000001,5.9,0.13480973390280038,4.269820089955022,7.619503602618923,2.533282913765053,2.4912385232640775,0.9531410563116249,4.67614782602562,1.2275456487036829,0.6103896103896104,5.173999999999999,5.26,4.695035460992908,0.4104136526584625,-0.186834454536438,1.2920646667480469,5.35023832321167,0.01397976279258728,-0.003858208656311035,0.0001
95,0.8230000000000002,5.77,0.15056023366287385,4.49375,7.520103139866551,2.4260309912866322,2.56670888979745,1.040444433560411,4.633116476399058,1.4475376545935466,0.6277056277056277,5.672,5.28,4.8068965517241375,0.43491634726524353,-0.05129792168736458,1.0665526390075684,5.157032012939453,0.013357707299292088,0.002084195613861084,0.0001
96,0.21100000000000008,5.89,0.15464625537139348,4.444773706896552,7.545000521819312,2.577381550309727,2.5461486411072047,1.0145747879345945,4.452013749372175,1.3760880559741056,0.670995670995671,6.1770000000000005,5.23,4.819354838709677,0.4743315875530243,-0.03047703020274639,1.107706069946289,5.390970230102539,0.014415472745895386,-0.0152130126953125,0.0001
97,0.7190000000000001,5.81,0.12054603235747303,4.476608187134503,7.558030107546996,2.5037317026194144,2.533336543400103,0.9941817539804828,4.723589175654854,1.3375304956343093,0.5974025974025974,4.974,5.26,4.7101449275362315,0.33675485849380493,0.0228942409157753,0.7225560545921326,5.211633682250977,0.01392276305705309,-0.01730656623840332,0.0001
98,-0.09299999999999992,5.93,0.11927403489722889,4.510877192982456,7.579449853169066,2.4977948430558716,2.5015601923200412,0.9594489552138609,4.8290561899091085,1.2935696361126192,0.6666666666666666,6.073999999999999,5.26,4.8441558441558445,0.33950361609458923,-0.023197904229164124,0.8241346478462219,5.3001251220703125,0.010771789588034153,-0.009213089942932129,0.0001
99,0.6150000000000001,5.85,0.13817469978908314,4.494425719471092,7.591363675589472,2.5046338831440433,2.5695930152190103,0.9371987746311184,4.716941438247741,1.2895875304893003,0.70995670995671,6.083000000000001,5.17,4.786585365853658,0.414413720369339,-0.0664931982755661,1.0567182302474976,5.276822566986084,0.01575142703950405,-0.01756429672241211,0.0001
100,0.31200000000000006,5.88,0.12506262002170826,4.70451048951049,7.578303478954228,2.5124602710751165,2.49162352842949,1.100533105118143,4.804410397706716,1.296150399376583,0.6623376623376623,5.672999999999999,5.27,4.875816993464053,0.3846954107284546,0.0067207589745521545,0.8506871461868286,5.177578449249268,0.013057271018624306,-0.018015503883361816,0.0001
