iteration,episode_return,episode_length,solve_rate,mean_guesses_solved,mean_info_gain,mean_new_yellows,mean_new_greens,mean_retained_greens,mean_final_candidates,default_policy_total_loss,default_policy_policy_loss,default_policy_value_loss,default_policy_entropy,default_policy_kl,default_policy_explained_variance,default_policy_learning_rate
1,-0.18939746694450335,6.0,0.0,nan,7.237930617893056,2.4672619047619047,1.6473214285714286,0.43898809523809523,1.6175595238095237,-0.16726793348789215,-0.16942496597766876,0.014356501400470734,9.448673248291016,0.02213737554848194,0.2368384599685669,0.0003
2,-0.17500399506964406,6.0,0.0,nan,7.199077752728222,2.447916666666667,1.6175595238095237,0.4464285714285714,1.6145833333333333,-0.1363404393196106,-0.13673904538154602,0.009613112546503544,9.429990768432617,0.016740191727876663,0.21611946821212769,0.0003
3,-0.19405839207335643,6.0,0.0,nan,7.230027219638817,2.502840909090909,1.6988636363636365,0.4744318181818182,1.6392045454545454,-0.07320331037044525,-0.07372564822435379,0.009156324900686741,9.40489673614502,0.017830217257142067,0.26788055896759033,0.0003
4,-0.1797092730533873,6.0,0.0,nan,7.197699939547387,2.4375,1.668154761904762,0.44047619047619047,1.7098214285714286,-0.23273421823978424,-0.23343083262443542,0.009271512739360332,9.37978744506836,0.018135573714971542,0.309362530708313,0.0003
5,-0.13151549751783703,5.96,0.0029411764705882353,1.5,7.252717705815387,2.517909663865546,1.7315826330532214,0.47797619047619044,1.5650385154061626,-0.0524103045463562,-0.05048591271042824,0.007328232750296593,9.363690376281738,0.012583933770656586,0.28829991817474365,0.0003
6,-0.20070222891221712,6.0,0.0,nan,7.2156482443111845,2.422345779220779,1.7156087662337662,0.4978896103896104,1.6131818181818183,-0.22146742045879364,-0.220924511551857,0.007600492797791958,9.34709644317627,0.016679797321558,0.21653473377227783,0.0003
7,-0.14115843854106508,5.98,0.004455480417018878,4.75,7.252133475695314,2.458835235277543,1.6968952521837137,0.48727634544942233,1.5589250493096647,-0.08924403786659241,-0.11072231829166412,0.05425652116537094,9.313950538635254,0.012213267385959625,0.018129706382751465,0.0003
8,-0.18846218026901507,6.0,0.001488095238095238,5.0,7.200646557341644,2.5999999999999996,1.6682738095238097,0.4405357142857143,1.6828571428571428,-0.08940734714269638,-0.08860665559768677,0.007043125573545694,9.274907112121582,0.016508840024471283,0.4093969464302063,0.0003
9,-0.21503248742151654,6.0,0.0,nan,7.22167373890294,2.4791974852071004,1.632892348036579,0.41575611888111885,1.679237829478214,-0.31820952892303467,-0.31943053007125854,0.010551362298429012,9.23389720916748,0.01726417988538742,0.3063543438911438,0.0003
10,-0.16233710318170066,6.0,0.0,nan,7.244568782410281,2.5089285714285716,1.755952380952381,0.4375,1.5937499999999998,-0.2620241343975067,-0.2623977065086365,0.00882861576974392,9.18702220916748,0.017154352739453316,0.3435373902320862,0.0003
11,-0.18713091258581976,6.0,0.0,nan,7.208953081208715,2.53297619047619,1.6327380952380952,0.3861309523809523,1.6916071428571429,-0.15630990266799927,-0.156626358628273,0.007859593257308006,9.1544771194458,0.018470430746674538,0.1541825532913208,0.0003
12,-0.17912585484681257,6.0,0.0,nan,7.238790102702532,2.486358593329747,1.6914924018289403,0.4861820871436256,1.5705688542227003,-0.2769412696361542,-0.27844762802124023,0.010667807422578335,9.145631790161133,0.017727015540003777,0.4493507742881775,0.0003
13,-0.151315415357005,6.0,0.0,nan,7.244671752206325,2.5507142857142857,1.6223214285714287,0.38309523809523804,1.5456547619047618,-0.21333368122577667,-0.2155923843383789,0.010222800076007843,9.05016040802002,0.02065814658999443,0.26045554876327515,0.0003
14,-0.19429177421623114,6.0,0.0,nan,7.243026530387201,2.420558608058608,1.705867850098619,0.4843353761622992,1.5688486193293887,-0.18737757205963135,-0.19298288226127625,0.014797264710068703,9.002866744995117,0.016021231189370155,0.3774857521057129,0.0003
15,-0.15739687665544697,5.98,0.0014204545454545455,4.0,7.249221652500961,2.500879329004329,1.6948728354978355,0.43134469696969696,1.544237012987013,-0.23474618792533875,-0.23790858685970306,0.011873645707964897,8.993661880493164,0.013820484280586243,0.3674144744873047,0.0003
16,-0.19783483126885998,6.0,0.002857142857142857,3.0,7.1974612104801015,2.3633928571428573,1.7182738095238097,0.5129761904761905,1.6963690476190476,-0.10900028049945831,-0.11064770817756653,0.010285170748829842,8.97684383392334,0.012181525118649006,0.31060707569122314,0.0003
17,-0.1317642362328702,6.0,0.0,nan,7.230179633808982,2.441252910382465,1.7569208091728337,0.4999130283796276,1.5914074819692228,-0.15821537375450134,-0.16293589770793915,0.012920810841023922,8.911765098571777,0.015937473624944687,0.37464433908462524,0.0003
18,-0.18935739367404578,6.0,0.0,nan,7.2449064285650175,2.5871388221604983,1.6603111628256138,0.4099788398018167,1.620294647548983,-0.19520696997642517,-0.2021021544933319,0.016841446980834007,8.86715030670166,0.016314731910824776,0.26585274934768677,0.0003
19,-0.19342411649470395,6.0,0.0014619883040935672,1.0,7.241883567206147,2.429876775271512,1.7615392648287385,0.4295895989974937,1.614870509607352,-0.16256208717823029,-0.16674120724201202,0.012365045957267284,8.776690483093262,0.015051774680614471,0.47436171770095825,0.0003
20,-0.22083355095092616,6.0,0.001488095238095238,3.0,7.260136500817741,2.5496618765849535,1.6613130459284304,0.402710270498732,1.5661718089602705,-0.1139587014913559,-0.11792924255132675,0.012706923298537731,8.769691467285156,0.014192790724337101,0.40663355588912964,0.0003
21,-0.1555664013576234,6.0,0.0014285714285714286,1.0,7.212074608311093,2.5740746753246753,1.662353896103896,0.4231574675324675,1.6784253246753247,-0.14483550190925598,-0.15020932257175446,0.015431495383381844,8.685102462768555,0.014095930382609367,0.534440279006958,0.0003
22,-0.16167817966118903,6.0,0.0014792899408284023,5.0,7.230932535600421,2.3769371653987035,1.7698471400394475,0.4065141589180051,1.60694033530572,-0.20825326442718506,-0.2164182811975479,0.01868363283574581,8.523669242858887,0.016326377168297768,0.5828994512557983,0.0003
23,-0.1665916311867643,6.0,0.0,nan,7.253419148448707,2.586547619047619,1.6473214285714286,0.4079166666666667,1.5627380952380951,-0.24155651032924652,-0.25071898102760315,0.01911303400993347,8.545682907104492,0.018114758655428886,0.4616941213607788,0.0003
24,-0.14628309674353993,6.0,0.0,nan,7.265334940720317,2.512305002689618,1.6732786444324905,0.4405846557288865,1.5217186659494353,-0.24545705318450928,-0.2530020475387573,0.01622334122657776,8.399588584899902,0.017406530678272247,0.4002281427383423,0.0003
25,-0.20612171591903627,6.0,0.0,nan,7.201352824138974,2.472597914905607,1.6700038743307974,0.3863324175824176,1.7264018033248802,-0.13242577016353607,-0.1429033875465393,0.018962528556585312,8.237566947937012,0.020519817247986794,0.556956946849823,0.0003
26,-0.1779681084482018,6.0,0.0,nan,7.265218975262735,2.520433087027915,1.7016071428571429,0.40039819376026275,1.4974651067323481,-0.12241245061159134,-0.13386307656764984,0.01952795684337616,8.291613578796387,0.014782602898776531,0.4065008759498596,0.0003
27,-0.16664355703381445,6.0,0.0,nan,7.271669574414026,2.482601533082302,1.7887893356643358,0.5007060247444863,1.5010674421732113,-0.10783655941486359,-0.12078975886106491,0.022485122084617615,8.097652435302734,0.014530811458826065,0.21037030220031738,0.0003
28,-0.17027413552767096,6.0,0.0,nan,7.242239478271232,2.3973214285714284,1.7569642857142858,0.46202380952380956,1.589345238095238,-0.1656428724527359,-0.1774565726518631,0.02091376483440399,7.903439044952393,0.013718890026211739,0.3595550060272217,0.0003
29,-0.17675627341631187,6.0,0.0014792899408284023,6.0,7.213522250527769,2.5325972104818257,1.6750581149619612,0.4153282614821076,1.6410960834037758,-0.07196207344532013,-0.07906707376241684,0.014678535982966423,8.098041534423828,0.011650051921606064,0.579712986946106,0.0003
30,-0.18223444870095656,6.0,0.0014204545454545455,2.0,7.259844196819342,2.528578392761085,1.6697092971131433,0.4097272919388304,1.568942275673045,-0.22495710849761963,-0.23932981491088867,0.025848517194390297,7.860076427459717,0.01379047054797411,0.2970740795135498,0.0003
31,-0.1565874319386091,6.0,0.0,nan,7.254176688926095,2.5601803446332627,1.6503320143605287,0.3618405864692336,1.569796749448606,-0.1928059309720993,-0.20576824247837067,0.019164161756634712,7.613624572753906,0.01628720760345459,0.5200657248497009,0.0003
32,-0.18374708701014403,6.0,0.0014792899408284023,4.0,7.253082079478553,2.388146308819386,1.6458421386306001,0.4133999013806706,1.539121935756551,-0.16379615664482117,-0.18010319769382477,0.019783679395914078,7.760195255279541,0.021000582724809647,0.5271826982498169,0.0003
33,-0.1546267083921018,6.0,0.0014204545454545455,3.0,7.243281468822654,2.5519805194805194,1.7473782467532468,0.4294967532467533,1.603538961038961,-0.1630164384841919,-0.17791755497455597,0.018270961940288544,7.6309051513671875,0.013231187127530575,0.3673992156982422,0.0003
34,-0.1870296981391382,6.0,0.0,nan,7.235808107629783,2.5028617216117217,1.7107371794871795,0.3872041420118343,1.61250528317836,-0.2115383893251419,-0.22954781353473663,0.023117300122976303,7.378222942352295,0.01365826465189457,0.4034181237220764,0.0003
35,-0.1987691533152211,6.0,0.0014792899408284023,3.0,7.269503520187577,2.6185985488870105,1.6262151310228232,0.3650235981966751,1.4923658072696535,-0.09028162807226181,-0.10764246433973312,0.02366166189312935,7.454294204711914,0.012823997065424919,0.3774234652519226,0.0003
36,-0.18853662811679284,6.0,0.0,nan,7.1953186037196595,2.497905844155844,1.6405438311688312,0.3695616883116883,1.7588717532467535,-0.14582104980945587,-0.1600349396467209,0.022260012105107307,7.351482391357422,0.010306524112820625,0.455333948135376,0.0003
37,-0.19727528298541255,6.0,0.001488095238095238,6.0,7.1916875424958455,2.5230610735418426,1.5885372640180333,0.3417247816286278,1.7059294871794872,-0.21472299098968506,-0.23799335956573486,0.030037928372621536,6.9374189376831055,0.01500130444765091,0.26467835903167725,0.0003
38,-0.15691450331589152,6.0,0.001445086705202312,2.0,7.2275275498151,2.3561165748065482,1.8183951516099137,0.41169589414587193,1.6237302517032397,-0.2119145393371582,-0.2367771863937378,0.03612252697348595,7.105599403381348,0.013735294342041016,0.3752647638320923,0.0003
39,-0.18577883582149762,6.0,0.0014285714285714286,4.0,7.2192635811981445,2.3927354022495724,1.7241698989269838,0.3272679257876626,1.6238648348390252,-0.16630321741104126,-0.18877767026424408,0.0340019091963768,6.920557022094727,0.01224104780703783,0.35652369260787964,0.0003
40,-0.1479548398425819,6.0,0.0,nan,7.19374588926064,2.5429446778711484,1.6750350140056023,0.34578081232492996,1.7524159663865546,-0.17533209919929504,-0.19477605819702148,0.03268318995833397,7.112447738647461,0.010088703595101833,0.3595559000968933,0.0003
41,-0.18859300444011534,6.0,0.0,nan,7.233000159782742,2.578358929778808,1.6504963537138995,0.36100707524389064,1.62532876943881,-0.2224254012107849,-0.2534445822238922,0.05192918702960014,6.983616828918457,0.011889602988958359,0.27476316690444946,0.0003
42,-0.13413408451165826,6.0,0.0014792899408284023,6.0,7.21949833448927,2.448327644945682,1.6831478231096932,0.38798416989729984,1.6344762664391312,-0.19575776159763336,-0.22455669939517975,0.047014713287353516,6.819722652435303,0.011961786076426506,0.40188610553741455,0.0003
43,-0.1994650330498351,6.0,0.0,nan,7.233486036572171,2.404172203765227,1.6165573089700997,0.3236434108527132,1.5920251937984495,-0.19106942415237427,-0.22188597917556763,0.05295170843601227,6.871676445007324,0.011073960922658443,0.4387713074684143,0.0003
44,-0.16692798871003556,6.0,0.0014619883040935672,4.0,7.252064819034471,2.4728747410933645,1.7041523619205805,0.35951117314983705,1.5157860442526434,-0.2214891016483307,-0.26639437675476074,0.07811864465475082,6.920105457305908,0.012608444318175316,0.22976148128509521,0.0003
45,-0.15656619137350294,6.0,0.0,nan,7.245261445983021,2.4761713960413383,1.631407103040901,0.27831888338624994,1.5939206679781739,-0.17766806483268738,-0.2199743390083313,0.06981930881738663,6.427247047424316,0.013653223402798176,0.3380529284477234,0.0003
46,-0.17391127466172873,6.0,0.0014792899408284023,3.0,7.25545712931886,2.409541225794541,1.6850269017013049,0.3447540710836467,1.526563456437462,-0.18625508248806,-0.24174417555332184,0.08885695040225983,6.7032060623168945,0.01754452846944332,0.36406856775283813,0.0003
47,-0.20894753421267895,6.0,0.0,nan,7.244339817210691,2.59225788831052,1.5867678627040975,0.35478056581295453,1.6134520843528941,-0.1948920339345932,-0.23249392211437225,0.06585738807916641,6.621152877807617,0.01115489937365055,0.307899534702301,0.0003
48,-0.21085883063605076,6.0,0.0014534883720930232,6.0,7.2133804066034015,2.461668868921776,1.6317641951072184,0.3254001812141347,1.649240221987315,-0.10686101019382477,-0.15657362341880798,0.09142646193504333,6.062649250030518,0.009937808848917484,0.278053879737854,0.0003
49,-0.17998811035336268,6.0,0.004411866480216087,2.0,7.229309196308278,2.425737464514485,1.6698551328749134,0.294557419872002,1.6229713600161022,-0.16392527520656586,-0.2048831731081009,0.07251522690057755,6.190698146820068,0.010756514966487885,0.3726162314414978,0.0003
50,-0.19715521828867694,6.0,0.0,nan,7.209578216519605,2.507270890404305,1.6667119834469895,0.3215891472868217,1.6903789512541043,-0.24285724759101868,-0.28753066062927246,0.08066557347774506,5.850018501281738,0.010064829140901566,0.4266003370285034,0.0003
51,-0.20309343121275997,6.0,0.0,nan,7.201482514524443,2.4387966023999663,1.571516901705798,0.27766486450997574,1.6626223797667812,-0.13617224991321564,-0.17561209201812744,0.06843578815460205,6.067372798919678,0.011149932630360126,0.33305567502975464,0.0003
52,-0.18241490228321783,6.0,0.0,nan,7.221741338726916,2.4090207135485775,1.6232901493930905,0.27105877438694775,1.634108248562583,-0.04675779491662979,-0.11837691813707352,0.12763471901416779,5.983030796051025,0.013614597730338573,0.25487828254699707,0.0003
53,-0.17381680909730102,6.0,0.0,nan,7.232097680582606,2.3402435368694388,1.717538664222706,0.3032923778974301,1.5873731240691948,-0.12734590470790863,-0.18486925959587097,0.09925440698862076,5.752397060394287,0.013480027206242085,0.4018327593803406,0.0003
54,-0.18623497612288145,6.0,0.0,nan,7.22528899372956,2.403823590121338,1.6691928257473347,0.27174960943507714,1.6392552149523634,-0.17000240087509155,-0.23092573881149292,0.113924540579319,5.265587329864502,0.009112738072872162,0.019703805446624756,0.0003
55,-0.20747170714668495,6.0,0.0,nan,7.252174648840404,2.410732985564687,1.6869729313594062,0.2784312525499796,1.5516984321268288,-0.12866665422916412,-0.19022877514362335,0.1168815940618515,5.775021076202393,0.00878651812672615,0.3646344542503357,0.0003
56,-0.18480729248024677,6.0,0.0,nan,7.208217196113458,2.3996238725217887,1.5420046693313738,0.26220647628438065,1.7026169701515834,-0.16963393986225128,-0.25423339009284973,0.14717252552509308,5.411233425140381,0.016221655532717705,0.4151318669319153,0.0003
57,-0.20357945997912283,6.0,0.0,nan,7.20361046568936,2.359202233524989,1.643232468425967,0.2856519362130817,1.6923334684751092,-0.24389877915382385,-0.3149670362472534,0.12894362211227417,5.541367530822754,0.011987954378128052,0.33553212881088257,0.0003
58,-0.18483169706425812,6.0,0.0,nan,7.186459973406767,2.381563562072784,1.6301232481765762,0.27841743995112084,1.7755269790353991,-0.05111727863550186,-0.13525381684303284,0.15515460073947906,5.324254512786865,0.011736802756786346,0.4375174641609192,0.0003
59,-0.197992081567362,6.0,0.0,nan,7.263089272323106,2.4682459587660572,1.5915840341916316,0.22915354665328358,1.5138219509628539,-0.033249229192733765,-0.1678677201271057,0.25944381952285767,4.894988536834717,0.009670672006905079,0.2408435344696045,0.0003
60,-0.2094925896955864,6.0,0.0,nan,7.164211189426412,2.427062860639972,1.5423493812049502,0.23298811466651123,1.837545826776243,-0.12708595395088196,-0.2076062560081482,0.14756308495998383,5.427829265594482,0.012016406282782555,0.45065945386886597,0.0003
61,-0.22238649385967732,6.0,0.0,nan,7.163744530989735,2.3473251595463,1.6146745542473147,0.2570823303332771,1.8019441492613475,-0.10173800587654114,-0.19686077535152435,0.1778658926486969,5.120583534240723,0.011170770972967148,0.4012572169303894,0.0003
62,-0.20151319173642754,6.0,0.0,nan,7.210212987520254,2.261636935475945,1.5802235367831343,0.2312466214555998,1.6629029682048257,-0.0911160409450531,-0.2010578066110611,0.21173416078090668,5.100390911102295,0.009061802178621292,0.45195722579956055,0.0003
63,-0.20389941182452048,6.0,0.0,nan,7.201035122240746,2.277495131171956,1.601368045213274,0.21345133081299883,1.7516488142971702,-0.08397821336984634,-0.19343414902687073,0.20701587200164795,5.2221455574035645,0.011032238602638245,0.5036900043487549,0.0003
64,-0.19622140906274674,6.0,0.0,nan,7.2414948091489455,2.4710869644403792,1.6242646046997304,0.24376492443681752,1.5729547956515755,0.12600120902061462,-0.02891368977725506,0.30238959193229675,4.831522464752197,0.00844602845609188,0.39865654706954956,0.0003
65,-0.20306758688129897,6.0,0.0,nan,7.144409839931297,2.299135095490665,1.5795759262497329,0.23147869674185464,1.9313862174816887,-0.04918943718075752,-0.18120524287223816,0.2521059513092041,4.979434490203857,0.010807152837514877,0.4846454858779907,0.0003
66,-0.208193016468231,6.0,0.0,nan,7.203007397280115,2.372959501796456,1.5955649706186343,0.2247920187732518,1.666507837848357,-0.0952417403459549,-0.22308583557605743,0.25043946504592896,5.095259189605713,0.007624323479831219,0.2650970220565796,0.0003
67,-0.17015556472504412,6.0,0.0,nan,7.217360313369662,2.4391290726817045,1.5917443731878715,0.1988669590643275,1.6991658066735467,-0.006246043369174004,-0.19214178621768951,0.35490235686302185,4.618075370788574,0.012901360169053078,0.2985990643501282,0.0003
68,-0.19314251216679515,6.0,0.0,nan,7.206626438642516,2.324686962996907,1.581868675296903,0.21788654675984265,1.7042330163821744,-0.024834679439663887,-0.1601068675518036,0.26549094915390015,4.757639408111572,0.007194424979388714,0.45034849643707275,0.0003
69,-0.22933561444336692,6.0,0.0,nan,7.207421554870384,2.3261802952913655,1.5509229878823692,0.20407492775560754,1.7005849367406245,-0.10980488359928131,-0.22696858644485474,0.22529438138008118,4.952500820159912,0.009352111257612705,0.4163981080055237,0.0003
70,-0.2563762643539902,6.0,0.0,nan,7.221554553762942,2.462127775834936,1.4802854034310582,0.2025750179712848,1.6631543733364418,0.03214192017912865,-0.1408645361661911,0.33481234312057495,4.559066295623779,0.010033916682004929,0.4057692289352417,0.0003
71,-0.21712077784010447,6.0,0.0,nan,7.152505811999709,2.3332353430289676,1.5765779977268608,0.20890437011203328,1.8455640369096156,0.08718953281641006,-0.11521027237176895,0.39425474405288696,4.6455397605896,0.009795524179935455,0.5563606023788452,0.0003
72,-0.2429116294998706,6.0,0.0,nan,7.221626402031118,2.506360263403607,1.441861393680279,0.20748961865447935,1.6794123789866822,-0.048003073781728745,-0.20510217547416687,0.30090710520744324,4.478733539581299,0.010986970737576485,0.42069149017333984,0.0003
73,-0.20583767121631216,6.0,0.0,nan,7.224229739046464,2.4816785046015197,1.483362737236033,0.16614369725436287,1.6912422194218504,-0.012551461346447468,-0.19168131053447723,0.34142574667930603,3.964374542236328,0.012228507548570633,0.5260071754455566,0.0003
74,-0.21636523463218085,6.0,0.0,nan,7.200916518549632,2.369810444475024,1.4506520208193363,0.16003286411578532,1.7806594476238273,0.0633918046951294,-0.14016322791576385,0.3971192538738251,4.631079196929932,0.009507646784186363,0.3682239055633545,0.0003
75,-0.20658097808649536,6.0,0.0,nan,7.213438349025894,2.3822682189971056,1.5477940976472189,0.183937362786812,1.6434339482426998,0.014397779479622841,-0.15257588028907776,0.31872668862342834,4.529786109924316,0.011990225873887539,0.5202850103378296,0.0003
76,-0.241462300495781,6.0,0.0,nan,7.208653800098533,2.3320370012175564,1.5928428648315647,0.17378595222004556,1.6808744745183928,0.10380665212869644,-0.1354362815618515,0.4717909097671509,4.287445545196533,0.007540664169937372,0.43953508138656616,0.0003
77,-0.1840089308143853,6.0,0.0,nan,7.224513586328521,2.3854900732222712,1.6022571747997447,0.18112253673399184,1.59547121480171,0.20281748473644257,-0.13222196698188782,0.6561571359634399,3.8231987953186035,0.010650979354977608,0.4691837430000305,0.0003
78,-0.1966664394235573,6.0,0.0,nan,7.206460446760782,2.2962579715125826,1.5885284683239775,0.21066979799136976,1.6930618245694429,0.03158958628773689,-0.1967093050479889,0.4500094950199127,3.875945568084717,0.00708155520260334,0.2037840485572815,0.0003
79,-0.23495772565243214,6.0,0.0,nan,7.154319115549769,2.3263717328131195,1.550287257465254,0.1745338516581808,1.874853487562632,0.09466324001550674,-0.14559438824653625,0.46850910782814026,4.166443824768066,0.010043983347713947,0.5773342251777649,0.0003
80,-0.19331082008376582,6.0,0.0,nan,7.2008429464272155,2.319626682986536,1.4837556099551201,0.15601200190398476,1.6984137184045385,0.10410422086715698,-0.14007161557674408,0.47786465287208557,3.9243786334991455,0.009054706431925297,0.5142528414726257,0.0003
81,-0.25452622489113286,6.0,0.0,nan,7.192000749247322,2.327423544957008,1.4462968412329047,0.17842707575309041,1.7853485034511851,0.19952738285064697,-0.10316623747348785,0.5920888185501099,3.716063976287842,0.010237302631139755,0.41061848402023315,0.0003
82,-0.23401341950974924,6.0,0.0,nan,7.140204809167077,2.3078849083493047,1.4698652267924714,0.1576628458400904,1.86328259373925,0.05719880759716034,-0.204347625374794,0.5160271525382996,4.13881778717041,0.007576960604637861,0.4403442144393921,0.0003
83,-0.2410708307416402,6.0,0.0,nan,7.155105427700745,2.4009060793523505,1.50510816435636,0.15999789972123574,1.769523904991026,0.18234562873840332,-0.12127326428890228,0.5964460968971252,3.853999137878418,0.009135630913078785,0.4565737247467041,0.0003
84,-0.24193992026939737,6.0,0.0,nan,7.151278923253812,2.3271612608164225,1.5051775147928996,0.15125223613595706,1.8503554545528134,0.16874782741069794,-0.13641606271266937,0.6004568338394165,3.8712456226348877,0.00869802851229906,0.5390225648880005,0.0003
85,-0.21675355952464812,6.0,0.0,nan,7.145447623659742,2.3064851324046547,1.491313409492724,0.14730272872102737,1.8703738027238639,0.22222071886062622,-0.0783836618065834,0.5921207666397095,4.132914066314697,0.008569757454097271,0.5434491634368896,0.0003
86,-0.2041066811559895,6.0,0.0,nan,7.213549179478741,2.2848995859835926,1.5735290446407264,0.14132560733348823,1.6748693495370177,0.26448553800582886,-0.08708647638559341,0.6926491856575012,3.9400854110717773,0.009074094705283642,0.6529924869537354,0.0003
87,-0.22484541738018898,6.0,0.0,nan,7.167899449570062,2.368627758120792,1.531500933706816,0.1516060371517028,1.9040665388962603,0.035575564950704575,-0.20775003731250763,0.47314390540122986,3.984607219696045,0.010605691000819206,0.5134260058403015,0.0003
88,-0.23861658885256495,6.0,0.0,nan,7.156938907290607,2.414121415206018,1.4648926948485892,0.13565356856455493,1.8351495016611294,0.16765239834785461,-0.12280052155256271,0.5724852681159973,4.041736602783203,0.008150131441652775,0.4437329173088074,0.0003
89,-0.26658207280949836,6.0,0.0,nan,7.1293103762308325,2.434803179562729,1.3818319518532611,0.1454196650450465,1.9291600223411232,0.3289709985256195,-0.12524142861366272,0.8924486637115479,3.4086010456085205,0.011256017722189426,0.3935457468032837,0.0003
90,-0.24340705960208447,6.0,0.0,nan,7.110977230061337,2.339562399215092,1.4951064920052066,0.1626968584251326,1.9749343805249557,0.19157461822032928,-0.16456985473632812,0.6999554634094238,3.566699266433716,0.009613271802663803,0.4588131904602051,0.0003
91,-0.23974623523235486,6.0,0.0,nan,7.162807319237894,2.3293322919037793,1.486450014723117,0.13862404314482632,1.7533100967558428,0.29127639532089233,-0.08272024989128113,0.7340635657310486,3.437159299850464,0.010273613967001438,0.21743535995483398,0.0003
92,-0.2133400632988642,6.0,0.0014792899408284023,5.0,7.114457376451891,2.2955845205309364,1.4529488095456182,0.1559545109437941,2.0013586873553533,0.46737903356552124,-0.04818698391318321,1.0187327861785889,3.355760097503662,0.00943733099848032,0.4906775951385498,0.0003
93,-0.21798506028594739,6.0,0.0,nan,7.200201036248926,2.3889000267308207,1.4940858059342421,0.13861601176156108,1.7369687249398555,0.2583977282047272,-0.20622949302196503,0.9035826921463013,3.1898975372314453,0.0158279687166214,0.3700063228607178,0.0003
94,-0.22522329571533345,6.0,0.0,nan,7.163498109535889,2.3915512510219443,1.5302888156776402,0.15279243801552544,1.845205157885364,0.48172616958618164,-0.029104415327310562,1.003321886062622,3.3485987186431885,0.012363654561340809,0.5922203660011292,0.0003
95,-0.23719316795652712,6.0,0.0,nan,7.195760039331876,2.4627072040566533,1.441684977948748,0.12851914184686522,1.7380847224650773,0.26859769225120544,-0.1805412471294403,0.8816931843757629,3.366246223449707,0.011514646001160145,0.611919641494751,0.0003
96,-0.23547404073341272,6.0,0.0,nan,7.11449514054185,2.378533400639011,1.3908487768805,0.1285240635488255,1.9503298744819881,0.4734816551208496,-0.12073080986738205,1.1728368997573853,3.4580347537994385,0.01111310999840498,0.5465145111083984,0.0003
97,-0.23530503079373533,6.0,0.0,nan,7.135711945759313,2.408623848168978,1.435222417628943,0.12061607057439398,1.9194448515417792,0.5456855893135071,-0.08945197612047195,1.2569057941436768,2.9979474544525146,0.009563127532601357,0.3139554262161255,0.0003
98,-0.21714929799729532,6.0,0.0,nan,7.16584202567796,2.435177759957231,1.4509155306067896,0.12147487302860198,1.8393978882651696,0.6918413043022156,-0.048454754054546356,1.465471863746643,3.016798496246338,0.01044639851897955,0.4918047785758972,0.0003
99,-0.202729186832851,6.0,0.0,nan,7.198141409793326,2.434810363528926,1.5170637410048649,0.13648574539214336,1.7061045499801681,0.4351513385772705,-0.08335823565721512,1.0262980461120605,3.1885485649108887,0.00844357069581747,0.5727533102035522,0.0003
100,-0.21116907718335318,6.0,0.0,nan,7.151987874702732,2.4398113015095877,1.4901339589283285,0.14436410794427929,1.8491294126789841,0.5080837607383728,-0.09347342699766159,1.1932811737060547,3.179337501525879,0.007995996624231339,0.22277510166168213,0.0003
101,-0.2307572421514633,6.0,0.0,nan,7.150751244179063,2.3591741235617443,1.4967874512653037,0.14063834835327146,1.85724178817661,0.3444725573062897,-0.1198534220457077,0.9206302762031555,3.537421226501465,0.007455084007233381,0.6073232889175415,0.0003
102,-0.23086010756570952,6.0,0.0,nan,7.175475279773355,2.4808981788500724,1.4824833140979843,0.15294412792626652,1.8058800121315004,0.5067743062973022,-0.08409109711647034,1.1727006435394287,2.8878557682037354,0.00731158209964633,0.581322193145752,0.0003
103,-0.20686311597513626,6.0,0.0,nan,7.220455485261609,2.41748529804865,1.5404971932638334,0.12144145950280674,1.6721798984228815,0.7383514046669006,-0.012268348596990108,1.491198182106018,2.8456432819366455,0.007769186515361071,0.4260585308074951,0.0003
104,-0.21518671904997616,6.0,0.0,nan,7.153697821415782,2.4260735476246365,1.47697680489562,0.14688306931414372,1.8809396223055068,1.0188220739364624,0.02103186957538128,1.9847285747528076,2.5723555088043213,0.007899451069533825,0.38926631212234497,0.0003
105,-0.2666413698305422,6.0,0.001488095238095238,6.0,7.141303851572856,2.3833038507120516,1.4002993676050592,0.1210549387033475,1.945126988984088,0.5513091087341309,-0.07060203701257706,1.2316596508026123,2.901489734649658,0.008871844969689846,0.48844319581985474,0.0003
106,-0.21448586970205216,6.0,0.0,nan,7.173197290991886,2.4337926591993533,1.452163973849857,0.1326643750498797,1.863361022228565,0.6364072561264038,-0.11308981478214264,1.4905261993408203,2.988903760910034,0.00713368970900774,0.5089794993400574,0.0003
107,-0.2234506392409185,6.0,0.0,nan,7.179213769607815,2.42680623998795,1.4264269270461223,0.1250627438767472,1.7572196676864456,0.8554656505584717,-0.052305810153484344,1.8097832202911377,2.4199297428131104,0.00523445475846529,0.2630215287208557,0.0003
108,-0.2631204654184194,6.0,0.0,nan,7.18344640472015,2.507284148623363,1.367114407912323,0.09090149692595563,1.7875902165196473,0.5323237776756287,-0.09623973071575165,1.244889736175537,2.6744871139526367,0.008684606291353703,0.3883361220359802,0.0003
109,-0.21775764349160015,6.0,0.0,nan,7.217521371574267,2.3540440670557476,1.4858183448141882,0.12641422951456624,1.6434698759096316,0.6590322256088257,-0.07821300625801086,1.4635425806045532,2.4844725131988525,0.007860229350626469,0.5116778612136841,0.0003
110,-0.218901635445098,6.0,0.0,nan,7.202510954227887,2.3788755318528882,1.4585187532785453,0.10495859318839736,1.7733634230926154,0.696506917476654,-0.14461040496826172,1.6709234714508057,2.436281204223633,0.007991896010935307,0.5213829278945923,0.0003
111,-0.21811349590949558,6.0,0.0,nan,7.184394422235588,2.436820628403861,1.4667081626611531,0.12149259578576824,1.7936178728024912,0.7665815353393555,-0.07310501486063004,1.672234296798706,2.357235908508301,0.005853490438312292,0.6652154922485352,0.0003
112,-0.23305153505655118,6.0,0.0014705882352941176,5.0,7.162138634150821,2.36941788134334,1.388077900110527,0.11616990614370942,1.7811819256925234,0.7919340133666992,-0.025829792022705078,1.6284725666046143,2.5382769107818604,0.0059908549301326275,0.5337570905685425,0.0003
113,-0.2500501140819611,6.0,0.0,nan,7.204018406543747,2.3801289762095696,1.4318865276663995,0.14295977011494254,1.684810211173483,0.9097387194633484,0.024788137525320053,1.7609517574310303,2.443906784057617,0.006833191029727459,0.4065524935722351,0.0003
114,-0.21606572992319947,6.0,0.0,nan,7.171654902876551,2.3169529460332363,1.502572365811606,0.11322153328098819,1.8042859947061252,0.9498388171195984,-0.04638531059026718,1.9860444068908691,2.3319599628448486,0.005465512629598379,0.39260703325271606,0.0003
115,-0.23169517295314362,6.0,0.0014285714285714286,5.0,7.187266676948683,2.324683084023071,1.4847937176434964,0.09319129321859762,1.7783268702235842,0.5043830871582031,-0.13969875872135162,1.2782213687896729,2.60107421875,0.007478823885321617,0.4381011724472046,0.0003
116,-0.21195561725600323,6.0,0.0,nan,7.206581981719068,2.599634025378801,1.3931063378595616,0.11116051578479323,1.7429968875055581,1.0125240087509155,-0.0014001521049067378,2.0131211280822754,2.2870426177978516,0.009531416930258274,0.4703397750854492,0.0003
117,-0.2504138098308022,6.0,0.0,nan,7.1783031595354645,2.5389318885448917,1.2937908496732027,0.08960268317853456,1.7737530099759202,0.8800230026245117,-0.03603123128414154,1.8215017318725586,2.1723477840423584,0.007383480668067932,0.5345680713653564,0.0003
118,-0.24526528109988946,6.0,0.0,nan,7.152917138485446,2.3993213770853514,1.3444405301046212,0.1274132098153101,1.8391823420525253,0.7409231662750244,-0.07158657163381577,1.6099071502685547,2.1513373851776123,0.009587667882442474,0.4032120108604431,0.0003
119,-0.23089295973990667,6.0,0.0,nan,7.219166712842362,2.458141760901416,1.4891561571649439,0.10724497931827195,1.648879098908037,0.9585415720939636,-0.035575784742832184,1.981418251991272,1.9658360481262207,0.0053078122437000275,0.5995817184448242,0.0003
120,-0.2095534284662423,6.0,0.0,nan,7.175405987925958,2.445597034074108,1.3884134649154423,0.10181048465390805,1.7482180282709894,0.8977397680282593,-0.07697146385908127,1.9301470518112183,2.1658315658569336,0.011657792143523693,0.5342124700546265,0.0003
121,-0.2745220962239722,6.0,0.0,nan,7.191527053126498,2.510560248999555,1.2456818415022062,0.10372986284502514,1.69996066627903,0.9162864685058594,-0.006262358743697405,1.828723430633545,1.7535922527313232,0.00981803797185421,0.45320188999176025,0.0003
122,-0.22940845757403205,6.0,0.0,nan,7.211785884422964,2.458058135534916,1.3759889920880632,0.12342621259029929,1.665075679394565,0.9678107500076294,-0.033026717603206635,1.9886589050292969,2.1569952964782715,0.008558067493140697,0.5806916356086731,0.0003
123,-0.2885202460468724,6.0,0.0,nan,7.150602695367564,2.5123587554253524,1.3242914980539036,0.0853872994609027,1.8422156335127233,0.9421663880348206,-0.026872670277953148,1.9222688674926758,1.8970441818237305,0.009680749848484993,0.5583852529525757,0.0003
124,-0.25516466300551477,6.0,0.0,nan,7.162322906812838,2.422544904847862,1.2718627316070228,0.1160595034766349,1.7533974089154032,0.9464007616043091,0.029835788533091545,1.8277236223220825,1.8142751455307007,0.004461611155420542,0.36758846044540405,0.0003
125,-0.22856164433547238,6.0,0.0,nan,7.203677850730019,2.362372108140633,1.4033657681541591,0.10608888540556934,1.6698885392348812,0.7663747668266296,-0.1198166236281395,1.762378454208374,1.8770002126693726,0.013588480651378632,0.3798878788948059,0.0003
126,-0.24512833328756178,6.0,0.0,nan,7.136698087626832,2.463496596778055,1.3508567910524336,0.10352464343126859,1.8518914389301226,1.0041234493255615,-0.07754573225975037,2.145847797393799,1.8728917837142944,0.02097429893910885,0.4375315308570862,0.0003
127,-0.24962943068554022,6.0,0.0,nan,7.144117601338719,2.3801857585139317,1.3584795321637426,0.08226694186446509,1.8107069143446852,0.8823539018630981,-0.10170888155698776,1.960245132446289,1.8891874551773071,0.00767658231779933,0.5922400951385498,0.0003
128,-0.26880640763914104,6.0,0.0,nan,7.184775276296159,2.4025376703703527,1.4283326225716286,0.09259660564931946,1.7204740317030622,0.9615744352340698,-0.05401727929711342,2.0196638107299805,1.8338651657104492,0.009999926201999187,0.46685659885406494,0.0003
129,-0.22206436242450128,6.0,0.0,nan,7.193048805892295,2.3160406835088514,1.4494220448603277,0.11310183423858053,1.6636452861039834,0.8444510102272034,-0.04921124130487442,1.7733683586120605,1.7372263669967651,0.011477015912532806,0.3321019411087036,0.0003
130,-0.2546442089967579,6.0,0.0,nan,7.248480439798243,2.3573236365419303,1.4413608519027028,0.11819845701589417,1.5554884571067134,0.8526926636695862,-0.04532399773597717,1.7774715423583984,1.6110460758209229,0.014343148097395897,0.29742342233657837,0.0003
131,-0.24518137705382165,6.0,0.0,nan,7.215969040414359,2.526250983343024,1.381545644217943,0.11116051578479323,1.6230290385470467,0.9857000708580017,-0.06042958050966263,2.0799014568328857,1.6571663618087769,0.010318964719772339,0.4554418921470642,0.0003
132,-0.20145841073574677,6.0,0.0,nan,7.197471988212008,2.273030615755074,1.4082301341589267,0.09987100103199174,1.7019951840385277,1.0345466136932373,0.010136159136891365,2.037844181060791,1.884293556213379,0.00970882922410965,0.44944751262664795,0.0003
133,-0.23199450677028524,6.0,0.0,nan,7.194684817669772,2.3356947811549262,1.4238714340235448,0.10413209429026582,1.6758503645744005,0.8057197332382202,-0.05044027417898178,1.69442880153656,1.4648427963256836,0.013709153980016708,0.45562368631362915,0.0003
134,-0.26771296654612864,6.0,0.0,nan,7.255875087887933,2.3979850492557007,1.3699139542978331,0.10272130663191381,1.5564152818138401,0.9034901261329651,-0.10823016613721848,2.0179195404052734,1.5101017951965332,0.005623933393508196,0.4505482316017151,0.0003
135,-0.24912305296529436,6.0,0.0,nan,7.227528070944807,2.5368541241526366,1.311817743006661,0.12263602506564564,1.583961560361617,0.8551948070526123,-0.11946959048509598,1.940771222114563,1.4705621004104614,0.007571105845272541,0.5221647024154663,0.0003
136,-0.27515754692984196,6.0,0.001445086705202312,6.0,7.214572333134328,2.4727143687792865,1.3155932551219345,0.1009080959058727,1.622413380305777,1.1075987815856934,0.036096662282943726,2.1338391304016113,1.4500175714492798,0.007944194599986076,0.35362035036087036,0.0003
137,-0.2492885335339527,6.0,0.0,nan,7.210768972085777,2.4007739938080497,1.3466374269005847,0.0954420364637083,1.6565101479188167,1.1282775402069092,0.0694110095500946,2.1068766117095947,1.2572391033172607,0.008803733624517918,0.36192065477371216,0.0003
138,-0.2878543182756791,6.0,0.0,nan,7.214693000304026,2.344481765872004,1.3516326466757211,0.08540429593645173,1.6278104058603846,0.9799791574478149,-0.009677410125732422,1.9711370468139648,1.3331184387207031,0.007139068562537432,0.5226312875747681,0.0003
139,-0.2376338370669145,6.0,0.0,nan,7.1967483828402266,2.4021042949999596,1.305677255765386,0.09393197694655128,1.6575760488590647,1.0697569847106934,-0.0902467593550682,2.3130970001220703,1.0906503200531006,0.005986367352306843,0.4134247899055481,0.0003
140,-0.22165714562399141,6.0,0.0,nan,7.231871283590524,2.3712618713082416,1.4583459646777601,0.0811904928598272,1.602126835309916,0.7449278235435486,-0.08601205796003342,1.6556204557418823,1.2269459962844849,0.0057371389120817184,0.6139407753944397,0.0003
141,-0.2257409397039089,6.0,0.0014792899408284023,6.0,7.257439231130821,2.2827324964941687,1.5190939562882648,0.105380168963984,1.5835328522078187,1.1563889980316162,-0.0027526419144123793,2.313652753829956,1.3465999364852905,0.004822121001780033,0.379503071308136,0.0003
142,-0.2282486237799069,6.0,0.0,nan,7.209964628205407,2.4200722394220846,1.4726522187822497,0.12630718954248366,1.6653250773993808,0.871515691280365,-0.0937737226486206,1.9260728359222412,1.2002079486846924,0.009094806388020515,0.5648542046546936,0.0003
143,-0.18557710773000471,6.0,0.0014534883720930232,6.0,7.2462250647031485,2.4948080595741917,1.3633605045171997,0.11426479427311483,1.5540743835301063,0.8433651328086853,-0.0029022302478551865,1.6868447065353394,1.163789987564087,0.010558144189417362,0.2625696659088135,0.0003
144,-0.22829875566421184,6.0,0.0014792899408284023,6.0,7.221451770884542,2.343602931058208,1.314476197799885,0.07339473769416946,1.6177042270052373,1.0405943393707275,-0.04764408618211746,2.1680335998535156,1.1169419288635254,0.01406027376651764,0.5694907307624817,0.0003
145,-0.2584247810567873,6.0,0.0,nan,7.215147373723827,2.485623675720653,1.369650638568349,0.09014887972189545,1.6146623654567822,1.0419642925262451,0.014194588176906109,2.0529584884643555,0.8797065615653992,0.005715609528124332,0.4443286657333374,0.0003
146,-0.2383327354715709,6.0,0.001445086705202312,6.0,7.205847321019501,2.337919417176865,1.4496699387762082,0.09502513937818519,1.631938981427643,0.9558248519897461,-0.026217520236968994,1.9540696144104004,1.093132495880127,0.016067693009972572,0.4448094964027405,0.0003
147,-0.2301395315626867,6.0,0.0014619883040935672,6.0,7.215085938594048,2.3217836257309945,1.4448400412796698,0.10130718954248366,1.6652906776745786,0.910152792930603,-0.06850185245275497,1.9517474174499512,1.0245295763015747,0.010022991336882114,0.5873945355415344,0.0003
148,-0.23370397752494135,6.0,0.0,nan,7.280896032934891,2.521062592611478,1.3559014660232729,0.11862554910204529,1.4778010577988328,1.0475951433181763,0.029339132830500603,2.031543731689453,1.1203798055648804,0.009493691846728325,0.41376036405563354,0.0003
149,-0.22262330101534872,6.0,0.0,nan,7.244584855709848,2.481930098997078,1.3834411602813685,0.08961502035794365,1.5605720663110434,0.9734547138214111,-0.0009262331295758486,1.9442391395568848,0.9376571178436279,0.008425496518611908,0.5864782333374023,0.0003
150,-0.26876547848487004,6.0,0.0,nan,7.142642417291976,2.3824657786845904,1.3360500849044772,0.0815516495817315,1.8478013890512712,0.9504144191741943,-0.02680402807891369,1.9441732168197632,0.9334894418716431,0.015974262729287148,0.5411298871040344,0.0003
